Workbook

Sheet Dashboard
B2: MODEL ACTIVITY TRACKER — EXECUTIVE DASHBOARD | Q1-2025 → Q1-2026
B4: Reporting Period: Q1-2025 → Q1-2026 | OGM Plan Review Cutoff: 07/01/2025 | QC Release Cutoff: 10/01/2025
B6: Total Models Tracked | D6: Assessments Completed ✓ | F6: Models with Issues | H6: No Validation in Period
B7: =SummaryData!B3 | D7: =SummaryData!B4 | F7: =SummaryData!B5 | H7: =SummaryData!B6
B12: ▶ COMPLETION STATUS BY MODEL TYPE
B13: Model Type | C13: Total | D13: Completed | E13: Completion % | F13: In Use | G13: Not In Use | H13: Retired | I13: Cancelled
B14: Model | C14: =SummaryData!C2 | D14: =SummaryData!D2 | E14: =SummaryData!E2 | F14: =SummaryData!F2 | G14: =SummaryData!G2 | H14: =SummaryData!H2 | I14: =SummaryData!I2
B15: EUC | C15: =SummaryData!C3 | D15: =SummaryData!D3 | E15: =SummaryData!E3 | F15: =SummaryData!F3 | G15: =SummaryData!G3 | H15: =SummaryData!H3 | I15: =SummaryData!I3
B16: Non-Model/Non-EUC | C16: =SummaryData!C4 | D16: =SummaryData!D4 | E16: =SummaryData!E4 | F16: =SummaryData!F4 | G16: =SummaryData!G4 | H16: =SummaryData!H4 | I16: =SummaryData!I4
B17: Grand Total | C17: =SummaryData!C5 | D17: =SummaryData!D5 | E17: =SummaryData!E5 | F17: =SummaryData!F5 | G17: =SummaryData!G5 | H17: =SummaryData!H5 | I17: =SummaryData!I5
B20: ▶ ISSUE CATEGORY BREAKDOWN (from Comments Column)
B21: # | C21: Issue Category | D21: Count | E21: % of Total | F21: Model | G21: EUC | H21: Non-Model | I21: Priority
B22: 1 | C22: AR available, OGM N/A (pre-07/01/2025) | D22: =IssueData!C2 | E22: =IssueData!D2 | F22: =IssueData!E2 | G22: =IssueData!F2 | H22: =IssueData!G2 | I22: Low
B23: 2 | C23: LSV available, OGM N/A (pre-07/01/2025) | D23: =IssueData!C3 | E23: =IssueData!D3 | F23: =IssueData!E3 | G23: =IssueData!F3 | H23: =IssueData!G3 | I23: Low
B24: 3 | C24: AR available, OGM missing (post-07/01/2025) | D24: =IssueData!C4 | E24: =IssueData!D4 | F24: =IssueData!E4 | G24: =IssueData!F4 | H24: =IssueData!G4 | I24: High
B25: 4 | C25: Risk Tier Assessment insufficient | D25: =IssueData!C5 | E25: =IssueData!D5 | F25: =IssueData!E5 | G25: =IssueData!F5 | H25: =IssueData!G5 | I25: High
B26: 5 | C26: QC wrong format (post-10/01/2025) | D26: =IssueData!C6 | E26: =IssueData!D6 | F26: =IssueData!E6 | G26: =IssueData!F6 | H26: =IssueData!G6 | I26: Medium
B27: 6 | C27: QC not available (post-10/01/2025) | D27: =IssueData!C7 | E27: =IssueData!D7 | F27: =IssueData!E7 | G27: =IssueData!F7 | H27: =IssueData!G7 | I27: High
B28: 7 | C28: FSV + OGM available (pre-07/01/2025) | D28: =IssueData!C8 | E28: =IssueData!D8 | F28: =IssueData!E8 | G28: =IssueData!F8 | H28: =IssueData!G8 | I28: Low
B29: 8 | C29: FSV QC N/A (pre-10/01/2025) | D29: =IssueData!C9 | E29: =IssueData!D9 | F29: =IssueData!E9 | G29: =IssueData!F9 | H29: =IssueData!G9 | I29: Low
B30: 9 | C30: No Validation Q1-2025 to Q1-2026 | D30: =IssueData!C10 | E30: =IssueData!D10 | F30: =IssueData!E10 | G30: =IssueData!F10 | H30: =IssueData!G10 | I30: Critical
B31: 10 | C31: Other | D31: =IssueData!C11 | E31: =IssueData!D11 | F31: =IssueData!E11 | G31: =IssueData!F11 | H31: =IssueData!G11 | I31: Medium
B32: 11 | C32: All Required Assessments Completed ✓ | D32: =IssueData!C12 | E32: =IssueData!D12 | F32: =IssueData!E12 | G32: =IssueData!F12 | H32: =IssueData!G12 | I32: —
B35: ▶ VALIDATION TYPE SUMMARY (FSV | AR | LSV)
B36: Validation Type | C36: Total Events | D36: Risk Tier ✓ | E36: OGM Plan ✓ | F36: QC ✓ | G36: FSV QC ✓ | H36: All Complete | I36: Completion %
B37: Full Scope Validation (FSV) | C37: =ValData!B2 | D37: =ValData!C2 | E37: =ValData!D2 | F37: =ValData!E2 | G37: =ValData!F2 | H37: =ValData!G2 | I37: =ValData!H2
B38: Annual Review (AR) | C38: =ValData!B3 | D38: =ValData!C3 | E38: =ValData!D3 | F38: =ValData!E3 | G38: =ValData!F3 | H38: =ValData!G3 | I38: =ValData!H3
B39: Ltd. Scope Validation (LSV) | C39: =ValData!B4 | D39: =ValData!C4 | E39: =ValData!D4 | F39: N/A | G39: N/A | H39: =ValData!G4 | I39: =ValData!H4
B40: Total / Combined | C40: =ValData!B5 | D40: =ValData!C5 | E40: =ValData!D5 | F40: =ValData!E5 | G40: =ValData!F5 | H40: =ValData!G5 | I40: =ValData!H5
B43: Dashboard auto-refreshes from SummaryData, IssueData, and ValData tabs. Fill yellow cells in those tabs to update.

Sheet SummaryData
A1: SUMMARY DATA — Fill yellow cells; formulas auto-calculate blue cells
A3: Model Type | B3: Total | C3: Completed | D3: Compl. % | E3: In Use | F3: Not In Use | G3: Retired | H3: Cancelled
A4: Model | B4: 423 | C4: 0 | D4: =D4/C4 | E4: 348 | F4: 2 | G4: 71 | H4: 3
A5: EUC | B5: 5 | C5: 0 | D5: =D5/C5 | E5: 5 | F5: 0 | G5: 0 | H5: 0
A6: Non-Model/Non-EUC | B6: 15 | C6: 0 | D6: =D6/C6 | E6: 14 | F6: 0 | G6: 0 | H6: 0
A7: Grand Total | B7: =SUM(C4:C6) | C7: =SUM(D4:D6) | D7: =IF(C7=0,0,D7/C7) | E7: =SUM(F4:F6) | F7: =SUM(G4:G6) | G7: =SUM(H4:H6) | H7: =SUM(I4:I6)
A9: KPI TOTALS (used by Dashboard KPI cards)
A10: KPI | B10: Value
A11: Total Models Tracked | B11: =C7
A12: Assessments Completed (All Required) | B12: ← fill from IssueData!C12
A13: Models with Issues (Any Category) | B13: ← fill from IssueData totals
A14: No Validation in Period | B14: ← fill from IssueData!C10
A16: YELLOW = manual input from your Tracker pivots | BLUE formulas auto-calculate | Update after each reporting cycle

Sheet IssueData
A1: ISSUE DATA — Enter counts per category (yellow cells)
A2: # | B2: Issue Category (Appendix Labels) | C2: Count | D2: % of Total | E2: Model Count | F2: EUC Count | G2: Non-Model
A3: 1 | B3: AR available, OGM not applicable as it is prior to 07/01/2025 | C3: 0 | D3: =IF(C14=0,0,C3/C14) | E3: 0 | F3: 0 | G3: 0
A4: 2 | B4: LSV available, OGM not applicable as it is prior to 07/01/2025 | C4: 0 | D4: =IF(C14=0,0,C4/C14) | E4: 0 | F4: 0 | G4: 0
A5: 3 | B5: AR is available, OGM not available after 07/01/2025 | C5: 0 | D5: =IF(C14=0,0,C5/C14) | E5: 0 | F5: 0 | G5: 0
A6: 4 | B6: Risk Tier assessment is not sufficient / not detailed | C6: 0 | D6: =IF(C14=0,0,C6/C14) | E6: 0 | F6: 0 | G6: 0
A7: 5 | B7: QC does not have the correct format, post 10/01/2025 | C7: 0 | D7: =IF(C14=0,0,C7/C14) | E7: 0 | F7: 0 | G7: 0
A8: 6 | B8: QC does not available post 10/01/2025 | C8: 0 | D8: =IF(C14=0,0,C8/C14) | E8: 0 | F8: 0 | G8: 0
A9: 7 | B9: FSV available, OGM available, prior to 07/01/2025 | C9: 0 | D9: =IF(C14=0,0,C9/C14) | E9: 0 | F9: 0 | G9: 0
A10: 8 | B10: FSV QC is not applicable as it is prior to 10/01/2025 | C10: 0 | D10: =IF(C14=0,0,C10/C14) | E10: 0 | F10: 0 | G10: 0
A11: 9 | B11: No Validation has been performed between Q1-2025 to Q1-2026 | C11: 0 | D11: =IF(C14=0,0,C11/C14) | E11: 0 | F11: 0 | G11: 0
A12: 10 | B12: Other | C12: 0 | D12: =IF(C14=0,0,C12/C14) | E12: 0 | F12: 0 | G12: 0
A13: 11 | B13: All required assessments completed | C13: 0 | D13: =IF(C14=0,0,C13/C14) | E13: 0 | F13: 0 | G13: 0
A14: TOTAL | B14: TOTAL | C14: =SUM(C3:C13) | E14: =SUM(E3:E13) | F14: =SUM(F3:F13) | G14: =SUM(G3:G13)
A16: Fill yellow Count cells using COUNTIF on your Tracker's Comments column: =COUNTIF(Tracker!$Z$2:$Z$500,"*OGM not applicable*prior to 07/01/2025*")

Sheet ValData
A1: VALIDATION DATA — Enter counts per type (yellow cells)
A2: Validation Type | B2: Total Events | C2: Risk Tier ✓ | D2: OGM Plan ✓ | E2: QC ✓ | F2: FSV QC ✓ | G2: All Complete | H2: Completion %
A3: Full Scope Validation (FSV) | B3: 0 | C3: 0 | D3: 0 | E3: 0 | F3: 0 | G3: 0 | H3: =IF(B3=0,0,G3/B3)
A4: Annual Review (AR) | B4: 0 | C4: 0 | D4: 0 | E4: 0 | F4: 0 | G4: 0 | H4: =IF(B4=0,0,G4/B4)
A5: Ltd. Scope Validation (LSV) | B5: 0 | C5: 0 | D5: 0 | E5: N/A | F5: N/A | G5: 0 | H5: =IF(B5=0,0,G5/B5)
A6: Total / Combined | B6: =SUM(B3:B5) | C6: =SUM(C3:C5) | D6: =SUM(D3:D5) | E6: =SUM(E3:E5) | F6: =SUM(F3:F5) | G6: =SUM(G3:G5) | H6: =IF(B6=0,0,G6/B6)
A8: LSV Rule: Only OGM Plan Review required (no QC or FSV QC check). OGM Plan Review cutoff = 07/01/2025. QC cutoff = 10/01/2025. Fill 'All Complete' = count of events where ALL applicable checks are satisfied.

Sheet Instructions
A1: HOW TO USE THIS DASHBOARD
A3: STEP 1 — SummaryData sheet
A4: Fill the YELLOW cells with model counts from your Tracker pivot tables: • Total models: Model / EUC / Non-Model/Non-EUC splits • Status: In Use / Not In Use / Retired / Cancelled per type • Completed count = models where comment = 'All required assessments completed' • Update KPI totals (rows 11-14) manually or via formulas from IssueData
A10: STEP 2 — IssueData sheet
A11: Fill the YELLOW Count cells (column C) for each of the 11 issue categories. Also fill Model / EUC / Non-Model splits (columns E-G). Suggested formula: =COUNTIF(Tracker!$Z$2:$Z$500,"*keyword*") Replace $Z$ with your actual Comments column letter and adjust row range.
A17: STEP 3 — ValData sheet
A18: Fill the YELLOW cells for each validation type (FSV, AR, LSV): • Total Events = distinct validation events (NOT unique models) • Risk Tier Done = events where Risk Tier Assessment performed within FSV/AR • OGM Plan Done = events where OGM Plan Review done (only if ≥ 07/01/2025) • QC Done = events where QC performed (only if ≥ 10/01/2025) • FSV QC Done = FSV only (≥ 10/01/2025) • All Complete = events satisfying ALL applicable checks
A24: STEP 4 — Dashboard
A25: The Dashboard tab auto-refreshes. Share or print/export it as PDF for the client. Tip: Use Excel's 'Set Print Area' on the Dashboard tab before exporting.
A31: KEY BUSINESS RULES
A32: • OGM Plan Review: Required only if FSV/AR/LSV date ≥ 07/01/2025 • QC Release: Required only if FSV/AR date ≥ 10/01/2025 • LSV: Only OGM Plan Review required. No QC, no FSV QC, no Risk Tier check. • FSV + AR: Risk Tier Assessment + OGM Plan Review + QC (subject to cutoffs) • Duplicate validations: Count as separate events, not per model • Total distinct models ≠ total validation events (duplicates exist)
